Analysis,ATE,CI_Lower,CI_Upper
Complete Case,-3.34446964936669,-40.596116070450364,33.90717677171696
Imputed,-3.3444696493666934,-40.596116070450606,33.90717677171724
Causal Forest,-3.3444696493666255,-40.59611607045139,33.90717677171798
DML,0.5768701157119221,-3.0250083029838724,4.178748534407716
Large Countries,-3.3444696493666934,-40.596116070450535,33.90717677171725
Unweighted,-3.344469649366683,-40.59611607045029,33.90717677171691
Weighted,-2.2753438760588973,-35.28192822090922,30.731240468791505
E-value,6.144649569687557,67.31061162289265,
